Datetime,Water Level (m)
2025-10-17 00:00:00,-0.10459722
2025-10-17 01:00:00,-0.17725866
2025-10-17 02:00:00,-0.08565926
2025-10-17 03:00:00,0.08720504
2025-10-17 04:00:00,0.2811177
2025-10-17 05:00:00,0.47372156
2025-10-17 06:00:00,0.62050074
2025-10-17 07:00:00,0.6778272
2025-10-17 08:00:00,0.5882988
2025-10-17 09:00:00,0.42967346
2025-10-17 10:00:00,0.26152122
2025-10-17 11:00:00,0.09523064
2025-10-17 12:00:00,-0.06242994
2025-10-17 13:00:00,-0.18909904
2025-10-17 14:00:00,-0.19421002
2025-10-17 15:00:00,-0.025988936
2025-10-17 16:00:00,0.18171364
2025-10-17 17:00:00,0.3954693
2025-10-17 18:00:00,0.58846784
2025-10-17 19:00:00,0.70698595
2025-10-17 20:00:00,0.66865385
2025-10-17 21:00:00,0.5229812
2025-10-17 22:00:00,0.35713312
2025-10-17 23:00:00,0.1903917
2025-10-18 00:00:00,0.033583663
2025-10-18 01:00:00,-0.10227614
2025-10-18 02:00:00,-0.16864873
2025-10-18 03:00:00,-0.046512246
2025-10-18 04:00:00,0.16435821
2025-10-18 05:00:00,0.39073977
2025-10-18 06:00:00,0.6082164
2025-10-18 07:00:00,0.75957483
2025-10-18 08:00:00,0.75628036
2025-10-18 09:00:00,0.6073494
2025-10-18 10:00:00,0.43167764
2025-10-18 11:00:00,0.2543165
2025-10-18 12:00:00,0.08370182
2025-10-18 13:00:00,-0.072010875
2025-10-18 14:00:00,-0.18403567
2025-10-18 15:00:00,-0.13015334
2025-10-18 16:00:00,0.07264306
2025-10-18 17:00:00,0.30898547
2025-10-18 18:00:00,0.5505805
2025-10-18 19:00:00,0.75922173
2025-10-18 20:00:00,0.8486607
2025-10-18 21:00:00,0.75480586
2025-10-18 22:00:00,0.57787365
2025-10-18 23:00:00,0.39608082
2025-10-19 00:00:00,0.21406704
2025-10-19 01:00:00,0.04762147
2025-10-19 02:00:00,-0.09158248
2025-10-19 03:00:00,-0.118734725
2025-10-19 04:00:00,0.056941908
2025-10-19 05:00:00,0.2873182
2025-10-19 06:00:00,0.5237568
2025-10-19 07:00:00,0.73723125
2025-10-19 08:00:00,0.84139025
2025-10-19 09:00:00,0.7583373
2025-10-19 10:00:00,0.58372986
2025-10-19 11:00:00,0.40277815
2025-10-19 12:00:00,0.21955375
2025-10-19 13:00:00,0.048489455
2025-10-19 14:00:00,-0.10187167
2025-10-19 15:00:00,-0.17253427
2025-10-19 16:00:00,-0.025514096
2025-10-19 17:00:00,0.21394666
2025-10-19 18:00:00,0.4717113
2025-10-19 19:00:00,0.7276698
2025-10-19 20:00:00,0.90354806
2025-10-19 21:00:00,0.9098734
2025-10-19 22:00:00,0.7511577
2025-10-19 23:00:00,0.562838
2025-10-20 00:00:00,0.3742134
2025-10-20 01:00:00,0.18880011
2025-10-20 02:00:00,0.02216842
2025-10-20 03:00:00,-0.10395762
2025-10-20 04:00:00,-0.050859682
2025-10-20 05:00:00,0.16616216
2025-10-20 06:00:00,0.4086201
2025-10-20 07:00:00,0.6528253
2025-10-20 08:00:00,0.83600116
2025-10-20 09:00:00,0.85449505
2025-10-20 10:00:00,0.7058566
2025-10-20 11:00:00,0.5251971
2025-10-20 12:00:00,0.3409427
2025-10-20 13:00:00,0.16187377
2025-10-20 14:00:00,-0.0039909272
2025-10-20 15:00:00,-0.13338731
2025-10-20 16:00:00,-0.107599065
2025-10-20 17:00:00,0.11009595
2025-10-20 18:00:00,0.3731294
2025-10-20 19:00:00,0.6524948
2025-10-20 20:00:00,0.8894712
2025-10-20 21:00:00,0.9969516
2025-10-20 22:00:00,0.8978519
2025-10-20 23:00:00,0.7084932
2025-10-21 00:00:00,0.5167134
2025-10-21 01:00:00,0.32538617
2025-10-21 02:00:00,0.14671929
2025-10-21 03:00:00,-0.010340843
2025-10-21 04:00:00,-0.085819505
2025-10-21 05:00:00,0.0678625
2025-10-21 06:00:00,0.31164098
2025-10-21 07:00:00,0.5610994
2025-10-21 08:00:00,0.7873125
2025-10-21 09:00:00,0.89343864
2025-10-21 10:00:00,0.80319244
2025-10-21 11:00:00,0.62876385
2025-10-21 12:00:00,0.44890594
2025-10-21 13:00:00,0.26698437
2025-10-21 14:00:00,0.09604573
2025-10-21 15:00:00,-0.057071082
2025-10-21 16:00:00,-0.1337281
2025-10-21 17:00:00,0.02021017
2025-10-21 18:00:00,0.28063408
2025-10-21 19:00:00,0.5656342
2025-10-21 20:00:00,0.8434537
2025-10-21 21:00:00,1.0259933
2025-10-21 22:00:00,1.0158595
2025-10-21 23:00:00,0.84680283
2025-10-22 00:00:00,0.65307957
2025-10-22 01:00:00,0.46214554
2025-10-22 02:00:00,0.27410486
2025-10-22 03:00:00,0.10621218
2025-10-22 04:00:00,-0.024582762
2025-10-22 05:00:00,0.010416531
2025-10-22 06:00:00,0.2323929
2025-10-22 07:00:00,0.4814088
2025-10-22 08:00:00,0.7286859
2025-10-22 09:00:00,0.9046324
2025-10-22 10:00:00,0.8999663
2025-10-22 11:00:00,0.7429561
2025-10-22 12:00:00,0.5623326
2025-10-22 13:00:00,0.3820439
2025-10-22 14:00:00,0.2045491
2025-10-22 15:00:00,0.044849306
2025-10-22 16:00:00,-0.080616415
2025-10-22 17:00:00,-0.03560375
2025-10-22 18:00:00,0.19732407
2025-10-22 19:00:00,0.47242376
2025-10-22 20:00:00,0.76426387
2025-10-22 21:00:00,1.0048138
2025-10-22 22:00:00,1.0947089
2025-10-22 23:00:00,0.9776586
2025-10-23 00:00:00,0.7850189
